tanggal,user,txt,analysis
2020-12-14 16:05:28,Bamboozle8787,"ike_Pence ealDonaldTrump It is a great day! Our electors will vote for Joe Biden today, providing the proud boy‚Ä¶",positif
2020-12-14 16:05:28,rayray94,ilaryluros We need to tell King Sore Loser that every time he loses a lawsuit or a recount it adds another year t‚Ä¶,negatif
2020-12-14 16:05:28,obx_on,ernovich TLegionaire Jill Biden doctor,negatif
2020-12-14 16:05:28,Lyonlllisa,hebradfordfile arbara73063051 And Joe Biden being big Boss to Hunter‚Äôs shenanigans makes him worse than a clown,negatif
2020-12-14 16:05:27,butterflly63,Electoral College votes today and will seal Trump's fate -- again,negatif
2020-12-14 16:05:27,ten24get,Perspective | The Wall Street Journal column about Jill Biden is worse than you thought J #JosephEpstein,negatif
2020-12-14 16:05:27,DelatowerP,"eanhannity Good morning trumpanzees, today the Electoral College will confirm Joe Biden‚Äôs landslide victory of 30‚Ä¶",positif
2020-12-14 16:05:26,joebidenwon2,iffanyWatters2 ewser_SW nnew003 atthewJshow ealDonaldTrump ariaBartiromo And just what did you vote for‚Ä¶,negatif
2020-12-14 16:05:26,PaulCogan,"It‚Äôs clear that with the Electoral College set to formally elect Joe Biden as President today, Donald Trump is goin‚Ä¶",positif
2020-12-14 16:05:26,MaddocksT,ash_O_Pepper mpadellan Cool coz it's like he's looking to go to Maralago on inauguration day but how's he get t‚Ä¶,positif
2020-12-14 16:05:25,NewsInAmerica1,Biden 7 Trump 11,negatif
2020-12-14 16:05:25,Sugarjet1,THE DEAD VOTED FOR BIDEN!,negatif
2020-12-14 16:05:24,mje_shadowfall,"Krystal Ball: In Leaked Audio, Biden SHOCKINGLY Similar To Trump via ouTube",negatif
2020-12-14 16:05:24,StephanieA2527,Why is everyone making a big deal about Biden‚Äôs wife being called a de? She has a PhD. Ever personal I know with a PhD is referenced as Dr.,negatif
2020-12-14 16:05:24,ThisBarbara,"Today healthcare workers get the vaccine AND the electoral college votes in Biden, so TODAY IS A REALLY GOOD DAY SO FAR.",positif
2020-12-14 16:05:24,Kietsie_Katjie,Biden called. He wants you to stay with him in his basement.,positif
2020-12-14 16:05:24,dennis_roddy,"With Tennessee and Indiana's combined 22electoral votes, Trump surges to an early lead over Joe Biden. This is goin‚Ä¶",positif
2020-12-14 16:05:23,CharlieCurrie,"ohnBerman 11 electoral votes to 7 for Biden, in some parts, would suggest a one in one quadrillion chance of Bide‚Ä¶",negatif
2020-12-14 16:05:23,freedarko,"Being anti-Trump was big, vague, direct, and visceral. It reinforced socio-cultural standing. With Biden, Dem-leani‚Ä¶",negatif
2020-12-14 16:05:23,RossFairchild,Anxiously awaiting Joe Biden‚Äôs concession speech.,negatif
2020-12-14 16:05:23,TheOpioidMedia,"ytimes I wish the NYT would stalk the FBI investigation of Hunter Biden the same way, but that's wishful thinking.",negatif
2020-12-14 16:05:22,quicares,urly_woowoowoo ubes123 ohnnyBlkshrt hewythewookie1 roncoStrada enness87 mom_sara igJim2705‚Ä¶,negatif
2020-12-14 16:05:22,JohnMcEwen21,"unlorrie ailOnline it's not fine Lorrie, there are some things that have happened of late, things that have com‚Ä¶",negatif
2020-12-14 16:05:22,jcaynon,"When a third of voters say Biden's win isn't legitimate, democracy is at risk - NBC News",positif
2020-12-14 16:05:21,WandaJai,Nobody cares... Biden owes Bernie nothing.,negatif
2020-12-14 16:05:21,lipapelua,Biden‚Äôs family in a deep üí©,negatif
2020-12-14 16:05:21,jadyn_greene98,I posted the video of me screaming ‚Äúfuck Joe fucking Biden‚Äù on Snapchat and like 20 ppl unadded me. lmao you love to see it.,positif
2020-12-14 16:05:21,RJHuf,#Trump‚Äôs #GOP cultists in 2016: Voters don‚Äôt decide the winner! The #ElectoralCollege has the final say! Same‚Ä¶,negatif
2020-12-14 16:05:20,MJNikkanen,"isterLousy eckyessica ulsiGabbard Well, do you prefer Biden? IMHO she was a better candidate than almost ever‚Ä¶",positif
2020-12-14 16:05:19,NickDial8,rianstelter Stelter has told so many lies. He believes his own lies!! He shouldn‚Äôt have any credibility as a jour‚Ä¶,positif
2020-12-14 16:05:19,malta75616353,ngelWarrior321 annyHozack The fact checkers have not commented because they know Biden cheated,negatif
2020-12-14 16:05:19,BillRic09264448,hsisbsitstinks udyGiuliani Perhaps you and Hunter should share a jumbo crack rock,negatif
2020-12-14 16:05:19,khull71,delevan Short Round would stridently insist that she be referred to as Doctor Biden,negatif
2020-12-14 16:05:18,PlayingWithTape,"rBiden Mrs. Biden, it's incredibly racist to require people to use honorific titles. You have privelege and remin‚Ä¶",positif
2020-12-14 16:05:18,comboverwhelmed,ifeburn78 ichlandBandDad ubblebathgirl Biden has 306 electoral college votes. It's over for trump. All that's‚Ä¶,negatif
2020-12-14 16:05:18,lornaL_libra,Also weird how the media refuses to report on it. Instead they spread slam articles on Biden &amp; fam and fluff pieces‚Ä¶,negatif
2020-12-14 16:05:18,RayNunemacher,"heDemocrats Yes in 38 more days are taxes will go up along with gas prices and open borders. One more thing, China back in Biden pockets.",positif
2020-12-14 16:05:18,TomKattman,Biden disses Black Lives Matter and he'll fail Black voters. Here's how - by ‚Å¶ izpeek‚Å©,negatif
2020-12-14 16:05:17,RCentrism101,opazismine ealDonaldTrump ariaBartiromo It looks great to other nations! That's why the world celebrated lik‚Ä¶,positif
2020-12-14 16:05:17,DHartung13,The Biden administration can end the Trump-era norm of elite impunity by opening the books on the Trump administrat‚Ä¶,negatif
2020-12-14 16:05:16,AltDivide,ianna1347 ollum1419_g rBiden Is Dr. Biden the first Dr. First Lady?,positif
2020-12-14 16:05:16,RoseMar95953838,Becknell ethMooreLPM President Trump has done a lot for Israel and Christians. Biden can‚Äôt be a faithful servan‚Ä¶,negatif
2020-12-14 16:05:16,Rob_Lilley_EDM,instonSmithUK3 amesDelingpole I bet you ¬£500 Joe Biden will become president in January. Take it up?,negatif
2020-12-14 16:05:16,chaleeboh3131,"AG WILLIAM BARR evidently kept quiet about the Hunter BIDEN investigation, even when the Trump campaign was metapho‚Ä¶",positif
2020-12-14 16:05:16,HDFLHTK107,ealDonaldTrump NO THANKS TO YOU...BIDEN GOT ELECTED AND VACCINE BECAME READY.,positif
2020-12-14 16:05:16,jhartley61,"Hunter Biden email shows $400G unreported income from Burisma, states he needs to 'amend' tax returns",negatif
2020-12-14 16:05:16,PJJuarez,TF202051636444 ealDonaldTrump Lol. Over Half the military voted for Biden.,positif
2020-12-14 16:05:16,TheTakeaway,Everything you need to know about the Electoral College:,negatif
2020-12-14 16:05:16,Lee032772,Calling Jill Biden ‚ÄúDr Biden‚Äù is almost as ridiculous as calling Hillary Clinton ‚ÄúMadam president.‚Äù,negatif
2020-12-14 16:05:16,HannahO96510671,ictherose CCO And let the big box companies stay open? What are you - fo the rich getting richer? Where is you‚Ä¶,positif
2020-12-14 16:05:16,MarkAnd90186580,arleDSpencer1 What do you do though with the criminally corrupt Biden Family? There's now 4 federal investigation‚Ä¶,negatif
2020-12-14 16:05:15,Juzira,rSirUgly Hey cottMorrisonMP How is the apology you asked for going ? Have you spoken to Liu yet ? Maybe she can‚Ä¶,negatif
2020-12-14 16:05:15,quietmermaid,I know the internet is an awful place but as someone who *just* qt'd this I decided to look at the others &amp; I'm abo‚Ä¶,negatif
2020-12-14 16:05:15,nayroftownsvill,"Once they see the money dry up, news orgs are gonna pivot to shitting on biden so hard",negatif
2020-12-14 16:05:15,Lckalloc2005,enSchumer Hey Chuck. It‚Äôs December 14th. Why haven‚Äôt the Biden‚Äôs been arrested yet?,negatif
2020-12-14 16:05:14,MarineTech90,ealDonaldTrump Oh wow there is your landslide Diaper. You got Biden on the mat 22 to 7...,positif
2020-12-14 16:05:14,HBloggins,The Bidens are swamp rats . Hunter Biden made $6m in nine months from Chinese business dealings via ailOnline,negatif
2020-12-14 16:05:14,AliceClimbers,All I'm getting from this poorly cropped imagine is Melania is bad ass and Jill Biden is a nerd?,negatif
2020-12-14 16:05:14,playful8,How conservatives think Biden could 'lessen evangelicals' opposition to him' via ahoo,negatif
2020-12-14 16:05:14,JacketNation89,Is Joe Biden still addressing the nation? I feel like he might want to call a Lid.,negatif
2020-12-14 16:05:13,us_cfdot_com,Vermont kicks off voting as first ballots cast in Monday's Electoral College meetings ‚Äì liv‚Ä¶,positif
2020-12-14 16:05:13,LarryDa81483791,"ikOfThisBS ealDonaldTrump And the pandemic will end in Biden‚Äôs administration, the real historic day",negatif
2020-12-14 16:05:13,maga1960connie,Himages ethMooreLPM Biden fits the bill to a tee... If you are in the dark about him you need to check out true‚Ä¶,negatif
2020-12-14 16:05:12,yocyberpandemic,This story makes maga mad. But the fact is that he followed the rules and did what he was supposed to do. He didn't‚Ä¶,negatif
2020-12-14 16:05:12,LedgerOpinion,History may well record that it was the resilience of our institutions that held back the Trumpist threats to the p‚Ä¶,negatif
2020-12-14 16:05:12,La83111,"imeless_Dally ethMooreLPM oleClaybourn I live in a very red state. I have to be very quiet, I only know a few‚Ä¶",positif
2020-12-14 16:05:11,Lily_Warrior,"52Malmet My daughter and I didn't get graduation ceremonies at all, we cancelled our graduation trip (but SWA sti‚Ä¶",negatif
2020-12-14 16:05:11,TroyRubert,Gave the American people less money because Biden ‚Äúwon‚Äù lmao get ready for a fun 4 years. via ouTube,positif
2020-12-14 16:05:11,MarlaWeezie,"ealDonaldTrump ariaBartiromo Trump re-tweeted this dangerous propaganda a few times, and could it have somethin‚Ä¶",negatif
2020-12-14 16:05:10,jenniferinokc,ethMooreLPM You believe in murder if babies too I bet. Taking them from the womb right up to birth. That‚Äôs what B‚Ä¶,positif
2020-12-14 16:05:10,ShootYourself,ngrahamAngle rankLuntz its propaganda. They want the low info people to think that theyre better off with Biden regardless...,positif
2020-12-14 16:05:09,uticaOD,Vermont kicks off voting as first ballots cast in Monday's Electoral College meetings ‚Äì live updates,positif
2020-12-14 16:05:09,TickTock2Q2Q,ig_Sine_312 FBI Is Deep State And If Biden Gets Elected They Will Illegally Send Us To FEMA Concentration Camps.,negatif
2020-12-14 16:05:09,AlienOfTheNorth,Lol Trumpers probably all excited to see the IN PROCESS electoral college votes as 11-7 Trump right now and then go‚Ä¶,positif
2020-12-14 16:05:09,Loaner777,126 GOP House Members Refuse To Accept Biden Won,negatif
2020-12-14 16:05:08,nyy_lol,arceelias Next thing you know that idiot is going to say the electoral college is illegally voting for Biden too‚Ä¶,negatif
2020-12-14 16:05:08,freespeak3,Columnist tears into GOP for accusing Hunter Biden of what Ivanka Trump has done in the open -,negatif
2020-12-14 16:05:07,Christo09881455,oyceMcInnis anPost4 hunderballsOO ealDonaldTrump The cheating BEGAN with him? So your admitting there was w‚Ä¶,negatif
2020-12-14 16:05:07,HappyBl26978244,"NN 's constant coverage of the electoral college is giving me anxiety, even though I know Biden won. Anyone else feel like this?",negatif
2020-12-14 16:05:06,TisharraRahl,OP ealDonaldTrump #TrumpVirus will be gone after President Biden deploys his vaccine. Trump and his kids will g‚Ä¶,negatif
2020-12-14 16:05:06,JAShopper,"hrisgeidner Dear J and Jopinion, It‚Äôs time to get rid of any editor who believes two Biden staff members an‚Ä¶",negatif
2020-12-14 16:05:06,pedroborbon3,"BNetwork Yes, the electors are voting for Joe Biden per the election and per the constitution.",negatif
2020-12-14 16:05:05,theuresamaven,"heuresamaven 4/4 to an hour to watch the electors do their thing. Hawaii will be last, after which President E‚Ä¶",negatif
2020-12-14 16:05:05,abklmt,Thank you Dr. Biden!,negatif
2020-12-14 16:05:05,FelinaBlanc,"avidEggert00 Well the duly elected electors will be meeting and voting for Joe Biden, so these traitorous treache‚Ä¶",negatif
2020-12-14 16:05:05,JohnSlusarick,"Hunter Biden email shows $400G unreported income from Burisma, states he needs to 'amend' tax returns #FoxNews",negatif
2020-12-14 16:05:05,theuresamaven,"heuresamaven 3/4 3-0, certifying Joe Biden be processed. Turned to span , where the secretary of the State of‚Ä¶",negatif
2020-12-14 16:05:04,everylastmeme,uckSexton Jill Biden is a fake Doctor.,negatif
2020-12-14 16:05:04,BrookeSingman,"Hunter Biden email shows $400G unreported income from Ukrainian natural gas firm #Burisma Holdings, states he needs‚Ä¶",negatif
2020-12-14 16:05:04,news_ntd,"‚ÄúMonday is a special day but guess what, if heaven forbid, these falsely certified elections force the college to s‚Ä¶",negatif
2020-12-14 16:05:04,Chiphead_Nate,"Okay, Biden is not ""elect""",positif
2020-12-14 16:05:03,sphillips2000,Trump's constant belligerent abuse of Democrats was a vote turnout machine. Republicans known high turnout favors D‚Ä¶,positif
2020-12-14 16:05:03,CyberPlayGround,ianeRavitch Northwestern University Removes Joseph Epstein After WSJ Op-Ed on Dr Jill Biden,negatif
2020-12-14 16:05:03,CitizenWonk,Columnist tears into GOP for accusing Hunter Biden of what Ivanka Trump has done in the open,negatif
2020-12-14 16:05:03,paulwheeler44,rianKempGA Look at the report out of Michigan today about the computer system used oh it‚Äôs the same as in Georgia‚Ä¶,negatif
2020-12-14 16:05:03,AngleAmerican,oeBiden You're right about the teeth of crisis and those teeth are fixing to gnash your ass! Biden going down‚òÑ,positif
2020-12-14 16:05:03,jigfisher10,lmcull enOldMen ealDonaldTrump You live in a world of lies. Remember Dems were partying in the streets when T‚Ä¶,positif
2020-12-14 16:05:03,Chris_1791,"Hunter Biden email shows $400G unreported income from Burisma, states he needs to 'amend' tax returns via oxnews",negatif
2020-12-14 16:05:02,mohzabidi,"ypost With Joe Biden as president, Justice would finally return so please give another chance to all lottery‚Ä¶",negatif
2020-12-14 16:05:02,BarbaraJIreland,rogBoiling innyboyXI enatemajldr indseyGrahamSC enateGOP OPLeader evinomccarthy Are you kidding me? W‚Ä¶,negatif
